feature,iv,psi_val_test
amount,0.19580905244049618,0.05117810574313625
age,0.14366926836340752,0.15425835635158466
job,0.06470207024560941,0.02501013324655944
duration_months,0.03453098602615819,0.1235925316972655
housing,0.00786964931024647,0.01792833122856552
sex,0.003484665580663333,0.021318137078915108
foreign_worker,0.0005357719863426519,0.0
